<?xml version="1.0" encoding="utf-8"?>
<openbox_menu xmlns="http://openbox.org/" xmlns:xsi="http://www.w3.org/2001/XMLSchema-instance" xsi:schemaLocation="http://openbox.org/ file:///usr/share/openbox/menu.xsd">
  <menu id="root-menu" label="Openbox 3">
    <!-- <item label="Thunderbird">
      <action name="Execute">
        <execute>/usr/bin/thunderbird</execute>
      </action>
    </item> -->
    <item label="Metatrader5">
      <action name="Execute">
        <execute>wine /wine/drive_c/Metatrader5/terminal64.exe /portable</execute>
      </action>
    </item>
    <item label="Terminal">
      <action name="Execute">
        <execute>/usr/bin/x-terminal-emulator</execute>
      </action>
    </item>
    <item label="Htop">
      <action name="Execute">
        <execute>/usr/bin/x-terminal-emulator -e htop</execute>
      </action>
    </item>
  </menu>
</openbox_menu>